[
  {
    "artifactId": "appcompat",
    "excludes": [],
    "groupId": "androidx.appcompat",
    "scope": "compile",
    "versionName": "1.3.1"
  },
  {
    "artifactId": "material",
    "excludes": [],
    "groupId": "com.google.android.material",
    "scope": "compile",
    "versionName": "1.4.0"
  },
  {
    "artifactId": "constraintlayout",
    "excludes": [],
    "groupId": "androidx.constraintlayout",
    "scope": "compile",
    "versionName": "2.1.0"
  },
  {
    "artifactId": "BlurView",
    "excludes": [],
    "groupId": "com.github.Dimezis",
    "versionName": "version-2.0.5"
  }
]